模式,CCT(K),Duv,Rf,Rg,mel-DER,蓝光权重,绿光权重,红光权重,暖白权重,冷白权重
日间照明,6387.99922844,-0.0094480767955,88.9759837951,106.379706256,0.87272048098,0.299797700145,0.0806471060698,0.179054821586,0.0,0.440500372199
夜间助眠,2612.06468456,0.00496917112359,91.5132965794,97.6976950359,0.280042092543,0.0,0.207556510967,0.291050608376,0.501392880658,0.0
