模式,CCT(K),Duv,Rf,Rg,mel-DER,蓝光权重,绿光权重,红光权重,暖白权重,冷白权重
日间照明,5557.42486282,0.00523686490465,92.8144407723,102.98253426,0.761044599281,0.152657569002,0.163766626026,0.251095459503,0.0,0.432480345469
夜间助眠,2579.21783585,0.00534540418862,89.7523826308,97.8670966283,0.277678519569,0.0,0.211572001374,0.384402577492,0.404025421133,0.0
