模式,CCT(K),Duv,Rf,Rg,mel-DER,蓝光权重,绿光权重,红光权重,暖白权重,冷白权重
日间照明,5612.89354669,0.00613081811871,92.7793173936,102.344199864,0.764618671804,0.149353104323,0.163791637613,0.240573635166,0.0,0.446281622898
夜间助眠,2512.85766799,0.003185542617,91.8935884575,99.0729313165,0.273504266106,0.0,0.181629332727,0.326899536307,0.491471130965,0.0
