metric,comparison,test_statistic,p_uncorrected,p_corrected,effect_size_hedges,significant_corrected
n3_percent,A vs B,-0.13697280252207678,0.8937707758272986,1.0,-0.06165870185488347,No
n3_percent,A vs C,-3.220468774117813,0.009167857806391202,0.027503573419173605,-1.1599853390704493,Yes
n3_percent,B vs C,-2.104231388983019,0.061637237643663856,0.18491171293099157,-0.8264108446946352,No
